date,origin_index,target_index,actual,prediction,residual
2024-07-09,4191,4192,4.5775,4.617381,0.03988123
2024-07-10,4192,4193,4.6085,4.6268067,0.018306732
2024-07-11,4193,4194,4.5065002,4.6539307,0.14743042
2024-07-15,4194,4195,4.5265,4.61791,0.09140968
2024-07-16,4195,4196,4.4495,4.6153092,0.16580915
2024-07-17,4196,4197,4.4085,4.572246,0.16374588
2024-07-18,4197,4198,4.2795,4.5322156,0.2527156
2024-07-22,4198,4199,4.1974998,4.440732,0.24323225
2024-07-23,4199,4200,4.1605,4.340002,0.17950201
2024-07-24,4200,4201,4.109,4.27911,0.17010975
2024-07-25,4201,4202,4.1255,4.228551,0.10305071
2024-07-29,4202,4203,4.0845,4.2074475,0.12294769
2024-07-30,4203,4204,4.098,4.1863513,0.08835125
2024-07-31,4204,4205,4.1875,4.1894035,0.0019035339
2024-08-01,4205,4206,4.0950003,4.2421365,0.14713621
2024-08-05,4206,4207,4.0105,4.2186007,0.2081008
2024-08-06,4207,4208,4.036,4.1554418,0.119441986
2024-08-07,4208,4209,3.9635003,4.1361275,0.17262721
2024-08-08,4209,4210,3.97,4.0957355,0.12573552
2024-08-12,4210,4211,4.075,4.08732,0.012320042
2024-08-13,4211,4212,4.0559998,4.1467037,0.090703964
2024-08-14,4212,4213,4.046,4.1583934,0.11239338
2024-08-15,4213,4214,4.153,4.1477075,-0.0052924156
2024-08-19,4214,4215,4.1885,4.198645,0.010145187
2024-08-20,4215,4216,4.168,4.248313,0.08031273
2024-08-21,4216,4217,4.197,4.2574167,0.0604167
2024-08-22,4217,4218,4.1545,4.2745967,0.12009668
2024-08-26,4218,4219,4.235,4.2553983,0.02039814
2024-08-27,4219,4220,4.2575,4.3020287,0.044528484
2024-08-28,4220,4221,4.1725,4.332272,0.15977192
2024-08-29,4221,4222,4.1984997,4.297198,0.09869814
2024-09-03,4222,4223,4.0715,4.3029065,0.23140669
2024-09-04,4223,4224,4.058,4.2309175,0.17291737
2024-09-05,4224,4225,4.1155,4.188397,0.07289696
2024-09-09,4225,4226,4.123,4.203735,0.08073473
2024-09-10,4226,4227,4.0765,4.2155232,0.1390233
2024-09-11,4227,4228,4.1200004,4.198688,0.07868767
2024-09-12,4228,4229,4.172,4.2136593,0.041659355
2024-09-16,4229,4230,4.2505,4.2546916,0.0041913986
2024-09-17,4230,4231,4.2495003,4.315774,0.06627369
2024-09-18,4231,4232,4.2730002,4.3368363,0.0638361
2024-09-19,4232,4233,4.321,4.3622856,0.041285515
2024-09-23,4233,4234,4.3195,4.3980775,0.07857752
2024-09-24,4234,4235,4.462,4.4238224,-0.03817749
2024-09-25,4235,4236,4.4605,4.504399,0.04389906
2024-09-26,4236,4237,4.61,4.541129,-0.06887102
2024-09-30,4237,4238,4.553,4.6347938,0.081793785
2024-10-01,4238,4239,4.5889997,4.644905,0.055905342
2024-10-02,4239,4240,4.649,4.681551,0.03255081
2024-10-03,4240,4241,4.553,4.721825,0.16882515
2024-10-07,4241,4242,4.5665,4.6900897,0.123589516
2024-10-08,4242,4243,4.4565,4.6864777,0.22997761
2024-10-09,4243,4244,4.3995,4.619459,0.21995926
2024-10-10,4244,4245,4.4275,4.5525403,0.12504053
2024-10-15,4245,4246,4.3375,4.541632,0.20413208
2024-10-16,4246,4247,4.3675003,4.491659,0.12415886
2024-10-17,4247,4248,4.325,4.481516,0.15651608
2024-10-21,4248,4249,4.3595004,4.4583836,0.09888315
2024-10-22,4249,4250,4.3805003,4.458267,0.077766895
2024-10-23,4250,4251,4.3364997,4.4695663,0.13306665
2024-10-24,4251,4252,4.3515,4.447392,0.09589195
2024-10-28,4252,4253,4.3625,4.4493775,0.086877346
2024-10-29,4253,4254,4.3605003,4.452884,0.09238386
2024-10-30,4254,4255,4.36,4.4565763,0.096576214
2024-10-31,4255,4256,4.3515,4.469093,0.11759281
2024-11-04,4256,4257,4.4375,4.460877,0.023376942
2024-11-05,4257,4258,4.4810004,4.506794,0.025793552
2024-11-06,4258,4259,4.2595,4.5522056,0.29270554
2024-11-07,4259,4260,4.44,4.4420266,0.002026558
2024-11-12,4260,4261,4.1540003,4.5014453,0.347445
2024-11-13,4261,4262,4.102,4.3479986,0.24599838
2024-11-14,4262,4263,4.105,4.257347,0.15234709
2024-11-18,4263,4264,4.1335,4.221203,0.08770275
2024-11-19,4264,4265,4.153,4.2311697,0.07816982
2024-11-20,4265,4266,4.164,4.248687,0.084686756
2024-11-21,4266,4267,4.138,4.2663503,0.12835026
2024-11-25,4267,4268,4.1215,4.263968,0.14246798
2024-11-26,4268,4269,4.075,4.2385545,0.16355467
2024-11-27,4269,4270,4.117,4.204023,0.08702278
2024-12-02,4270,4271,4.1135,4.2225304,0.10903025
2024-12-03,4271,4272,4.1844997,4.2214565,0.036956787
2024-12-04,4272,4273,4.183,4.2594724,0.07647228
2024-12-05,4273,4274,4.1745,4.275024,0.10052395
2024-12-09,4274,4275,4.2580004,4.2714906,0.0134902
2024-12-10,4275,4276,4.2535,4.3208156,0.06731558
2024-12-11,4276,4277,4.2450004,4.348101,0.10310078
2024-12-12,4277,4278,4.2250004,4.3617754,0.13677502
2024-12-16,4278,4279,4.1705,4.347298,0.17679834
2024-12-17,4279,4280,4.125,4.303882,0.17888212
2024-12-18,4280,4281,4.1355,4.2622647,0.12676477
2024-12-19,4281,4282,4.0555,4.249541,0.19404078
2024-12-23,4282,4283,4.0635,4.1976085,0.13410854
2024-12-26,4283,4284,4.1080003,4.1815963,0.073596
2024-12-30,4284,4285,4.0930004,4.205215,0.112214565
2025-01-02,4285,4286,4.026,4.205967,0.17996693
2025-01-06,4286,4287,4.1615,4.183139,0.02163887
2025-01-07,4287,4288,4.1955,4.2304926,0.034992695
2025-01-08,4288,4289,4.2585,4.2730546,0.014554501
2025-01-13,4289,4290,4.3255,4.326381,0.00088119507
2025-01-14,4290,4291,4.3425,4.392597,0.05009699
2025-01-15,4291,4292,4.389,4.43116,0.042160034
2025-01-16,4292,4293,4.441,4.4743943,0.033394337
2025-01-21,4293,4294,4.341,4.5267797,0.18577957
2025-01-22,4294,4295,4.301,4.49713,0.1961298
2025-01-23,4295,4296,4.3055,4.4582524,0.1527524
2025-01-27,4296,4297,4.2079997,4.4379625,0.22996283
2025-01-28,4297,4298,4.2245,4.3699174,0.14541721
2025-01-29,4298,4299,4.2605,4.357208,0.09670782
2025-01-30,4299,4300,4.3075,4.365943,0.05844307
2025-02-03,4300,4301,4.3055,4.4044275,0.0989275
2025-02-04,4301,4302,4.3535004,4.4198484,0.066348076
2025-02-05,4302,4303,4.444,4.4507093,0.0067095757
2025-02-06,4303,4304,4.461,4.5139236,0.05292368
2025-02-10,4304,4305,4.707,4.5459185,-0.16108131
2025-02-11,4305,4306,4.601,4.713681,0.11268139
2025-02-12,4306,4307,4.7044997,4.7265015,0.022001743
2025-02-13,4307,4308,4.778,4.783824,0.005824089
2025-02-18,4308,4309,4.6425004,4.8517947,0.20929432
2025-02-19,4309,4310,4.6140003,4.805057,0.19105673
2025-02-20,4310,4311,4.666,4.7706213,0.10462141
2025-02-24,4311,4312,4.5635,4.7843714,0.22087145
2025-02-25,4312,4313,4.5035,4.7331963,0.22969627
2025-02-26,4313,4314,4.5615,4.66902,0.1075201
2025-02-27,4314,4315,4.6185,4.6757274,0.057227135
2025-03-03,4315,4316,4.607,4.7094994,0.102499485
2025-03-04,4316,4317,4.5565,4.7206774,0.16417742
2025-03-05,4317,4318,4.794,4.70432,-0.089680195
2025-03-06,4318,4319,4.8075,4.82,0.012500286
2025-03-10,4319,4320,4.6665,4.8762674,0.20976734
2025-03-11,4320,4321,4.7660003,4.8279767,0.061976433
2025-03-12,4321,4322,4.8494997,4.86636,0.016860485
2025-03-13,4322,4323,4.9255,4.9310164,0.005516529
2025-03-17,4323,4324,4.9589996,5.0058246,0.046824932
2025-03-18,4324,4325,5.0165,5.0632906,0.0467906
2025-03-19,4325,4326,5.1,5.1187816,0.018781662
2025-03-20,4326,4327,5.112,5.186182,0.07418203
2025-03-24,4327,4328,5.0924997,5.2214146,0.12891483
2025-03-25,4328,4329,5.185,5.2232413,0.038241386
2025-03-26,4329,4330,5.2184997,5.2705064,0.05200672
2025-03-27,4330,4331,5.0985,5.3097987,0.21129894
2025-03-31,4331,4332,5.034,5.267984,0.233984
2025-04-01,4332,4333,5.035,5.2352405,0.20024061
2025-04-02,4333,4334,5.0405,5.20842,0.16791964
2025-04-03,4334,4335,4.8285,5.1952486,0.3667488
2025-04-07,4335,4336,4.186,5.07268,0.8866801
2025-04-08,4336,4337,4.144,4.6417427,0.49774265
2025-04-09,4337,4338,4.1925,4.4486785,0.25617838
2025-04-10,4338,4339,4.3364997,4.41024,0.07374048
2025-04-14,4339,4340,4.6255,4.484467,-0.14103317
2025-04-15,4340,4341,4.6260004,4.6630116,0.037011147
2025-04-16,4341,4342,4.6855,4.73986,0.054359913
2025-04-21,4342,4343,4.78,4.829411,0.04941082
2025-04-22,4343,4344,4.928,4.9308376,0.002837658
2025-04-23,4344,4345,4.895,5.0351667,0.14016676
2025-04-24,4345,4346,4.9105,5.021509,0.11100912
2025-04-28,4346,4347,4.8645,5.053892,0.18939209
2025-04-29,4347,4348,4.8725,5.0404563,0.16795635
2025-04-30,4348,4349,4.609,5.035123,0.42612267
2025-05-01,4349,4350,4.6280003,4.8901477,0.26214743
2025-05-05,4350,4351,4.699,4.8186803,0.119680405
2025-05-06,4351,4352,4.778,4.858395,0.08039522
2025-05-07,4352,4353,4.6595,4.9318933,0.27239323
2025-05-08,4353,4354,4.604,4.884318,0.28031778
2025-05-12,4354,4355,4.6210003,4.8125186,0.1915183
2025-05-13,4355,4356,4.723,4.780907,0.057907104
2025-05-14,4356,4357,4.6505003,4.8366175,0.18611717
2025-05-15,4357,4358,4.6835,4.8122444,0.1287446
2025-05-19,4358,4359,4.6705003,4.832617,0.16211653
2025-05-20,4359,4360,4.6540003,4.84386,0.18985987
2025-05-21,4360,4361,4.672,4.8443456,0.17234564
2025-05-22,4361,4362,4.6795,4.8499994,0.17049932
2025-05-27,4362,4363,4.7149997,4.8476353,0.1326356
2025-05-28,4363,4364,4.6505003,4.862032,0.21153164
2025-05-29,4364,4365,4.6755,4.8359227,0.1604228
2025-06-02,4365,4366,4.8585,4.846609,-0.011890888
2025-06-03,4366,4367,4.8339996,4.952097,0.118097305
2025-06-04,4367,4368,4.8865,4.975443,0.088943005
2025-06-05,4368,4369,4.933,5.0200567,0.08705664
2025-06-09,4369,4370,4.925,5.048223,0.12322283
2025-06-10,4370,4371,4.9,5.050051,0.15005112
2025-06-11,4371,4372,4.8145,5.040714,0.22621393
2025-06-12,4372,4373,4.8355,4.996477,0.16097736
2025-06-16,4373,4374,4.836,5.002811,0.16681099
2025-06-17,4374,4375,4.809,5.0019593,0.19295931
2025-06-18,4375,4376,4.8529997,4.9771557,0.124156
2025-06-23,4376,4377,4.843,4.989434,0.14643383
2025-06-24,4377,4378,4.867,4.9754343,0.1084342
2025-06-25,4378,4379,4.913,4.9664946,0.053494453
2025-06-26,4379,4380,5.0924997,5.000073,-0.09242678
2025-06-30,4380,4381,5.0825,5.118428,0.03592825
2025-07-01,4381,4382,5.0994997,5.164857,0.06535721
2025-07-02,4382,4383,5.1974998,5.2092333,0.011733532
2025-07-03,4383,4384,5.1415,5.2816467,0.14014673
2025-07-07,4384,4385,5.026,5.2731786,0.24717855
2025-07-08,4385,4386,5.6855,5.2107334,-0.47476673
2025-07-09,4386,4387,5.4865,5.5363984,0.049898624
2025-07-10,4387,4388,5.591,5.566033,-0.024967194
2025-07-14,4388,4389,5.5505,5.642319,0.09181929
2025-07-15,4389,4390,5.5775,5.650572,0.07307196
2025-07-16,4390,4391,5.526,5.668834,0.14283419
2025-07-17,4391,4392,5.5125003,5.6549783,0.14247799
2025-07-21,4392,4393,5.6375,5.637932,0.00043201447
2025-07-22,4393,4394,5.7215,5.7191286,-0.0023713112
2025-07-23,4394,4395,5.8195,5.791206,-0.028294086
2025-07-24,4395,4396,5.8015,5.8540907,0.052590847
2025-07-28,4396,4397,5.5975,5.871976,0.27447605
2025-07-29,4397,4398,5.607,5.766712,0.15971231
2025-07-30,4398,4399,5.586,5.742276,0.15627623
2025-07-31,4399,4400,4.3545003,5.718296,1.3637958
2025-08-04,4400,4401,4.4375,5.038848,0.6013479
2025-08-05,4401,4402,4.386,4.811129,0.42512894
2025-08-06,4402,4403,4.413,4.650771,0.23777103
2025-08-07,4403,4404,4.3985,4.5880127,0.18951273
2025-08-11,4404,4405,4.44,4.554163,0.11416292
2025-08-12,4405,4406,4.5255003,4.5523357,0.026835442
2025-08-13,4406,4407,4.4975004,4.5997977,0.102297306
2025-08-14,4407,4408,4.4795003,4.6081944,0.12869406
2025-08-18,4408,4409,4.5360003,4.604746,0.06874561
2025-08-19,4409,4410,4.4885,4.6353626,0.1468625
2025-08-20,4410,4411,4.5105,4.6216254,0.11112547
2025-08-21,4411,4412,4.5115004,4.6355414,0.12404108
2025-08-25,4412,4413,4.5265,4.637539,0.111038685
2025-08-26,4413,4414,4.51,4.6472626,0.13726234
2025-08-27,4414,4415,4.4715,4.6439734,0.17247343
2025-08-28,4415,4416,4.539,4.620991,0.081991196
2025-09-02,4416,4417,4.6410003,4.651366,0.010365963
2025-09-03,4417,4418,4.63,4.731908,0.10190773
2025-09-04,4418,4419,4.5585,4.7530365,0.19453669
2025-09-08,4419,4420,4.5595,4.708692,0.14919186
2025-09-09,4420,4421,4.5695,4.7018566,0.13235664
2025-09-10,4421,4422,4.618,4.7011414,0.08314133
2025-09-11,4422,4423,4.658,4.722023,0.06402302
2025-09-15,4423,4424,4.7174997,4.7453775,0.027877808
2025-09-16,4424,4425,4.694,4.795539,0.101539135
2025-09-17,4425,4426,4.632,4.804628,0.17262793
2025-09-18,4426,4427,4.6005,4.774906,0.17440605
2025-09-22,4427,4428,4.6075,4.7321787,0.12467861
2025-09-23,4428,4429,4.6195,4.727508,0.10800791
2025-09-24,4429,4430,4.7885,4.7340527,-0.054447174
2025-09-25,4430,4431,4.7325,4.815076,0.0825758
2025-09-29,4431,4432,4.892,4.8149834,-0.07701683
2025-09-30,4432,4433,4.8564997,4.91518,0.058680534
2025-10-01,4433,4434,4.8825,4.9338365,0.05133629
2025-10-02,4434,4435,4.9495,4.949162,-0.00033807755
2025-10-06,4435,4436,5.038,4.9910874,-0.04691267
2025-10-07,4436,4437,5.0975,5.075969,-0.021530628
2025-10-08,4437,4438,5.0944996,5.1329737,0.038474083
2025-10-09,4438,4439,5.123,5.1786256,0.05562544
2025-10-13,4439,4440,5.144,5.176026,0.032025814
2025-10-14,4440,4441,5.0230002,5.204419,0.1814189
2025-10-15,4441,4442,5.0145,5.1406655,0.12616539
2025-10-16,4442,4443,4.999,5.0965424,0.097542286
2025-10-20,4443,4444,5.0360003,5.107576,0.07157564
2025-10-21,4444,4445,4.9659996,5.1384606,0.17246103
2025-10-22,4445,4446,4.9955,5.0428658,0.047365665
2025-10-23,4446,4447,5.1105,5.031931,-0.078568935
2025-10-27,4447,4448,5.146,5.1291633,-0.016836643
2025-10-28,4448,4449,5.145,5.159258,0.014257908
2025-10-29,4449,4450,5.237,5.1696186,-0.06738138
2025-10-30,4450,4451,5.1039996,5.2368846,0.13288498
2025-11-03,4451,4452,5.069,5.204989,0.13598919
2025-11-04,4452,4453,4.9484997,5.1761374,0.22763777
2025-11-05,4453,4454,4.986,5.0760117,0.0900116
2025-11-06,4454,4455,4.9674997,5.0685663,0.10106659
2025-11-10,4455,4456,5.106,5.049288,-0.05671215
2025-11-11,4456,4457,5.066,5.1303215,0.06432152
2025-11-12,4457,4458,5.1054997,5.1111593,0.00565958
2025-11-13,4458,4459,5.1019998,5.1463437,0.04434395
2025-11-17,4459,4460,5.0864997,5.1558785,0.06937885
2025-11-18,4460,4461,5.0505,5.130023,0.07952309
2025-11-19,4461,4462,5.0969996,5.107493,0.0104932785
2025-11-20,4462,4463,5.0485,5.134256,0.085755825
2025-11-24,4463,4464,5.026,5.1120563,0.08605623
2025-11-25,4464,4465,5.0625,5.089935,0.027434826
2025-11-26,4465,4466,5.194,5.092483,-0.10151672
2025-12-01,4466,4467,5.303,5.148341,-0.1546588
2025-12-02,4467,4468,5.243,5.2354403,-0.0075597763
2025-12-03,4468,4469,5.389,5.217761,-0.1712389
2025-12-04,4469,4470,5.3735,5.3057704,-0.06772947
2025-12-08,4470,4471,5.4445,5.3222604,-0.12223959
2025-12-09,4471,4472,5.32,5.3521037,0.03210354
2025-12-10,4472,4473,5.3535,5.302576,-0.050923824
2025-12-11,4473,4474,5.5014997,5.2719316,-0.229568
2025-12-15,4474,4475,5.412,5.3841033,-0.027896881
2025-12-16,4475,4476,5.3589997,5.357466,-0.0015335083
2025-12-17,4476,4477,5.4355,5.2873516,-0.14814854
2025-12-18,4477,4478,5.4375,5.328617,-0.108882904
2025-12-22,4478,4479,5.5095,5.3167777,-0.19272232
2025-12-23,4479,4480,5.552,5.351609,-0.20039082
2025-12-29,4480,4481,5.537,5.385305,-0.15169525
2025-12-30,4481,4482,5.7815003,5.291352,-0.49014854
2026-01-05,4482,4483,5.9755,5.4906945,-0.48480558
2026-01-06,4483,4484,6.0625,5.5856442,-0.47685575
2026-01-20,4484,4485,5.8125,5.7097597,-0.10274029
2026-01-21,4485,4486,5.768,5.539077,-0.22892332
2026-01-22,4486,4487,5.7790003,5.4749374,-0.30406284
2026-01-23,4487,4488,5.9475,5.3991795,-0.5483208
2026-01-26,4488,4489,5.9909997,5.418108,-0.5728917
2026-01-27,4489,4490,5.8335,5.3259635,-0.5075364
2026-01-28,4490,4491,5.898,5.309687,-0.5883126
2026-01-29,4491,4492,6.2035,5.2832837,-0.9202161
2026-01-30,4492,4493,5.9240003,5.4166613,-0.507339
2026-02-02,4493,4494,5.8255,5.50914,-0.31636
2026-02-03,4494,4495,6.0865,5.4881053,-0.5983949
2026-02-04,4495,4496,5.85,5.6649075,-0.18509245
2026-02-05,4496,4497,5.821,5.5890145,-0.23198557
2026-02-06,4497,4498,5.882,5.5870795,-0.29492044
2026-02-09,4498,4499,5.9625,5.62184,-0.3406601
2026-02-10,4499,4500,5.9135003,5.6477485,-0.26575184
2026-02-11,4500,4501,5.9655,5.6319413,-0.33355856
2026-02-12,4501,4502,5.7855,5.635505,-0.14999485
2026-02-13,4502,4503,5.803,5.5723996,-0.23060036
2026-02-17,4503,4504,5.704,5.5589285,-0.1450715
2026-02-18,4504,4505,5.863,5.504622,-0.35837793
2026-02-19,4505,4506,5.7985,5.569915,-0.22858524
2026-02-20,4506,4507,5.8995,5.558097,-0.341403
2026-02-23,4507,4508,5.8105,5.5844646,-0.2260356
2026-02-24,4508,4509,5.961,5.526526,-0.434474
2026-02-25,4509,4510,6.0154996,5.556286,-0.45921373
2026-02-26,4510,4511,6.0049996,5.574479,-0.43052053
2026-02-27,4511,4512,6.0595,5.6060686,-0.4534316
2026-03-02,4512,4513,5.948,5.6042805,-0.34371948
2026-03-03,4513,4514,5.826,5.6035137,-0.2224865
2026-03-04,4514,4515,5.9075003,5.5305667,-0.37693357
2026-03-05,4515,4516,5.8045,5.5594187,-0.24508142
2026-03-06,4516,4517,5.807,5.520168,-0.28683233
2026-03-09,4517,4518,5.8485,5.524686,-0.32381392
2026-03-10,4518,4519,5.952,5.5277452,-0.4242549
2026-03-11,4519,4520,5.8915,5.5525994,-0.33890057
2026-03-12,4520,4521,5.868,5.5420923,-0.3259077
2026-03-13,4521,4522,5.757,5.5310583,-0.22594166
2026-03-16,4522,4523,5.8315,5.49239,-0.3391099
2026-03-17,4523,4524,5.7669997,5.513317,-0.2536826
2026-03-18,4524,4525,5.594,5.49481,-0.09918976
2026-03-19,4525,4526,5.469,5.388591,-0.08040905
2026-03-20,4526,4527,5.3745,5.273042,-0.101457596
2026-03-23,4527,4528,5.4465,5.212533,-0.23396683
2026-03-24,4528,4529,5.4285,5.196116,-0.2323842
2026-03-25,4529,4530,5.534,5.206184,-0.327816
2026-03-26,4530,4531,5.4505,5.2967696,-0.15373039
2026-03-27,4531,4532,5.4684997,5.2747827,-0.193717
2026-03-30,4532,4533,5.502,5.307522,-0.19447803
2026-03-31,4533,4534,5.614,5.339431,-0.27456903
2026-04-01,4534,4535,5.6465,5.3941393,-0.25236082
2026-04-02,4535,4536,5.5835,5.4354525,-0.14804745
2026-04-06,4536,4537,5.601,5.4033694,-0.1976304
2026-04-07,4537,4538,5.563,5.4118166,-0.1511836
2026-04-08,4538,4539,5.777,5.394883,-0.3821168
2026-04-09,4539,4540,5.7644997,5.4766097,-0.28788996
2026-04-10,4540,4541,5.8859997,5.4932775,-0.39272213
2026-04-13,4541,4542,5.9905,5.5682306,-0.42226934
2026-04-14,4542,4543,6.0835,5.6555886,-0.42791128
2026-04-15,4543,4544,6.085,5.725402,-0.35959816
2026-04-16,4544,4545,6.0765,5.7495427,-0.32695723
2026-04-17,4545,4546,6.1145,5.7734175,-0.34108257
2026-04-20,4546,4547,6.1064997,5.781319,-0.32518053
2026-04-21,4547,4548,6.0715,5.785082,-0.28641796
2026-04-22,4548,4549,6.189,5.784962,-0.40403795
2026-04-23,4549,4550,6.1425,5.8536468,-0.28885317
2026-04-24,4550,4551,6.0885,5.8682437,-0.22025633
2026-04-27,4551,4552,6.05,5.83926,-0.21074009
2026-04-28,4552,4553,5.9455,5.8079715,-0.13752842
2026-04-29,4553,4554,5.933,5.743233,-0.18976688
2026-04-30,4554,4555,5.9804997,5.732814,-0.24768591
2026-05-01,4555,4556,5.9845,5.7543144,-0.23018551
2026-05-04,4556,4557,5.8465,5.7354236,-0.111076355
2026-05-05,4557,4558,5.993,5.6544805,-0.33851957
2026-05-06,4558,4559,6.1865,5.718058,-0.46844196
2026-05-07,4559,4560,6.176,5.8316593,-0.3443408
2026-05-08,4560,4561,6.2965,5.8420577,-0.4544425
2026-05-11,4561,4562,6.4605002,5.9189906,-0.5415096
2026-05-12,4562,4563,6.5309997,5.9979186,-0.53308105
2026-05-13,4563,4564,6.679,6.07718,-0.60182
2026-05-14,4564,4565,6.6115,6.1619945,-0.44950533
2026-05-15,4565,4566,6.295,6.190767,-0.104233265
2026-05-18,4566,4567,6.3155003,6.068616,-0.24688435
2026-05-19,4567,4568,6.2065,6.0482416,-0.15825844
2026-05-20,4568,4569,6.3305,5.9827704,-0.34772968
2026-05-21,4569,4570,6.294,6.011082,-0.28291798
2026-05-22,4570,4571,6.3789997,5.993998,-0.38500166
2026-05-26,4571,4572,6.397,6.043211,-0.35378885
2026-05-27,4572,4573,6.34,6.0587373,-0.28126287
2026-05-28,4573,4574,6.426,6.0475364,-0.37846375
2026-05-29,4574,4575,6.389,6.0977073,-0.29129267
2026-06-01,4575,4576,6.5525002,6.108265,-0.44423532
2026-06-02,4576,4577,6.6765,6.190381,-0.4861188
2026-06-03,4577,4578,6.5074997,6.299895,-0.20760489
2026-06-04,4578,4579,6.535,6.2580576,-0.27694225
2026-06-05,4579,4580,6.2845,6.263834,-0.020666122
2026-06-08,4580,4581,6.35,6.130262,-0.219738
2026-06-09,4581,4582,6.322,6.129992,-0.19200802
2026-06-10,4582,4583,6.2669997,6.1249933,-0.1420064
2026-06-11,4583,4584,6.2749996,6.073208,-0.20179176
2026-06-12,4584,4585,6.445,6.0827527,-0.36224747
2026-06-15,4585,4586,6.496,6.178921,-0.3170786
2026-06-16,4586,4587,6.5035,6.2385483,-0.2649517
2026-06-17,4587,4588,6.4934998,6.253568,-0.23993158
2026-06-18,4588,4589,6.3855,6.2560954,-0.12940454
2026-06-22,4589,4590,6.3655,6.2101927,-0.1553073
2026-06-23,4590,4591,6.148,6.1844172,0.036417484
2026-06-24,4591,4592,5.9485,6.078253,0.12975264
2026-06-25,4592,4593,6.1375,5.930958,-0.20654202
2026-06-26,4593,4594,6.207,5.996977,-0.21002293
2026-06-29,4594,4595,6.1635003,6.0638123,-0.09968805
2026-06-30,4595,4596,6.2539997,6.0614877,-0.19251204
2026-07-01,4596,4597,6.1795,6.1067467,-0.07275343
2026-07-02,4597,4598,6.169,6.0923986,-0.076601505
2026-07-06,4598,4599,6.232,6.085115,-0.14688492
2026-07-07,4599,4600,6.226,6.109643,-0.11635685
2026-07-08,4600,4601,6.1075,6.1191096,0.011609554
2026-07-09,4601,4602,6.2654996,6.065619,-0.1998806
2026-07-10,4602,4603,6.282,6.1272693,-0.1547308
2026-07-13,4603,4604,6.2809997,6.1542215,-0.12677813
2026-07-14,4604,4605,6.378,6.1677856,-0.21021414
2026-07-15,4605,4606,6.341,6.2424936,-0.09850645
2026-07-16,4606,4607,6.342,6.2554574,-0.08654261
2026-07-17,4607,4608,6.265,6.2532344,-0.01176548
2026-07-20,4608,4609,6.341,6.2233725,-0.11762762
2026-07-21,4609,4610,6.5525002,6.2483797,-0.30412054
2026-07-22,4610,4611,6.4934998,6.3692446,-0.12425518
2026-07-23,4611,4612,6.3435,6.3850875,0.041587353
2026-07-24,4612,4613,6.3575,6.3015375,-0.055962563
2026-07-27,4613,4614,6.3789997,6.277206,-0.101793766
2026-07-28,4614,4615,6.3595,6.2765965,-0.082903385
2026-07-29,4615,4616,6.3115,6.2608237,-0.050676346
2026-07-30,4616,4617,6.4745,6.246761,-0.22773933
2026-07-31,4617,4618,6.4655,6.3343034,-0.1311965
2026-08-03,4618,4619,6.5404997,6.349988,-0.1905117
2026-08-04,4619,4620,6.6435,6.3909984,-0.2525015
2026-08-05,4620,4621,6.7275,6.4549627,-0.27253723
2026-08-06,4621,4622,6.709,6.540622,-0.16837788
2026-08-07,4622,4623,6.591,6.5596642,-0.03133583
2026-08-10,4623,4624,6.616,6.5060725,-0.109927654
2026-08-11,4624,4625,6.634,6.4835477,-0.15045214
2026-08-12,4625,4626,6.6155,6.485271,-0.130229
2026-08-13,4626,4627,6.608,6.466164,-0.14183569
2026-08-14,4627,4628,6.613,6.444448,-0.16855192
2026-08-17,4628,4629,6.616,6.4446325,-0.17136765
2026-08-18,4629,4630,6.4925,6.447066,-0.045433998
2026-08-19,4630,4631,6.496,6.3829355,-0.11306429
2026-08-20,4631,4632,6.469,6.369224,-0.09977579
2026-08-21,4632,4633,6.587,6.3271804,-0.2598195
2026-08-24,4633,4634,6.605,6.380477,-0.22452307
2026-08-25,4634,4635,6.714,6.400004,-0.31399632
2026-08-26,4635,4636,6.7015,6.4523783,-0.24912167
2026-08-27,4636,4637,6.689,6.462772,-0.22622824
2026-08-28,4637,4638,6.659,6.4537153,-0.2052846
2026-08-31,4638,4639,6.6875,6.433653,-0.25384712
2026-09-01,4639,4640,6.6005,6.45077,-0.1497302
2026-09-02,4640,4641,6.593,6.4203377,-0.17266226
2026-09-03,4641,4642,6.6644998,6.418011,-0.24648857
2026-09-04,4642,4643,6.6825004,6.4602356,-0.22226477
2026-09-08,4643,4644,6.8235,6.467861,-0.35563898
2026-09-09,4644,4645,6.8884997,6.5403132,-0.3481865
2026-09-10,4645,4646,6.5475,6.603816,0.0563159
2026-09-11,4646,4647,6.548,6.470988,-0.07701206
2026-09-14,4647,4648,6.4044995,6.415878,0.011378288
2026-09-15,4648,4649,6.4435,6.3017154,-0.14178467
2026-09-16,4649,4650,6.509,6.286136,-0.22286367
2026-09-17,4650,4651,6.6615,6.3244653,-0.3370347
2026-09-18,4651,4652,6.6915,6.4095116,-0.28198862
2026-09-21,4652,4653,6.7625,6.445305,-0.31719494
2026-09-22,4653,4654,6.836,6.4903445,-0.34565544
2026-09-23,4654,4655,6.7535,6.549471,-0.20402908
2026-09-24,4655,4656,6.79,6.5381165,-0.2518835
2026-09-25,4656,4657,6.779,6.5693946,-0.20960522
