run_id,model,strategy,seed,horizon,mse,rmse,mae,mape,parameter_count,training_seconds,inference_seconds
gru_ims_h5_seed42,GRU,IMS,42,1,0.01870662800812735,0.13677217556260246,0.09480543814870444,1.7927445178587145,3393,25.572720299998764,1.1188827000005404
gru_ims_h5_seed42,GRU,IMS,42,2,0.03588644311279753,0.18943717457985254,0.1352179991833188,2.552976522454167,3393,25.572720299998764,1.1188827000005404
gru_ims_h5_seed42,GRU,IMS,42,3,0.05430161159724887,0.23302706194184586,0.16930122965032401,3.192988025911858,3393,25.572720299998764,1.1188827000005404
gru_ims_h5_seed42,GRU,IMS,42,4,0.0741634824267174,0.2723297310737801,0.2020317483747547,3.8099268065957896,3393,25.572720299998764,1.1188827000005404
gru_ims_h5_seed42,GRU,IMS,42,5,0.09392484934875493,0.30647161263117817,0.23252900194986298,4.376631318768777,3393,25.572720299998764,1.1188827000005404
gru_dms_h5_seed42,GRU,DMS,42,1,0.029902335944889787,0.17292291908503565,0.12526704093542965,2.3027485566076638,3525,20.547658700001193,0.4464508999953978
gru_dms_h5_seed42,GRU,DMS,42,2,0.05507370529128809,0.2346778755896859,0.17192561729794198,3.191143853951787,3525,20.547658700001193,0.4464508999953978
gru_dms_h5_seed42,GRU,DMS,42,3,0.06575866504441434,0.25643452389336024,0.19001687783815643,3.5332409859967515,3525,20.547658700001193,0.4464508999953978
gru_dms_h5_seed42,GRU,DMS,42,4,0.08244547915570422,0.2871332080336655,0.21402665282785893,4.0040969556572525,3525,20.547658700001193,0.4464508999953978
gru_dms_h5_seed42,GRU,DMS,42,5,0.07772698015672777,0.2787955884814675,0.20317262096838512,3.900199309928324,3525,20.547658700001193,0.4464508999953978
